[
    {
        "id": "178db76ced3012b4",
        "type": "tab",
        "label": "Flow 4",
        "disabled": false,
        "info": "",
        "env": []
    },
    {
        "id": "318b7464e05ac847",
        "type": "http in",
        "z": "178db76ced3012b4",
        "name": "",
        "url": "plantGET",
        "method": "get",
        "upload": false,
        "swaggerDoc": "",
        "x": 640,
        "y": 280,
        "wires": [
            [
                "1bf9a163ddd69e62"
            ]
        ]
    },
    {
        "id": "58b9aa7d8d81ba12",
        "type": "http response",
        "z": "178db76ced3012b4",
        "name": "",
        "statusCode": "",
        "headers": {},
        "x": 1170,
        "y": 280,
        "wires": []
    },
    {
        "id": "2f1c568aa21ed871",
        "type": "cloudantplus out",
        "z": "178db76ced3012b4",
        "name": "",
        "cloudant": "20c4453865ed804b",
        "database": "plantas",
        "service": "_ext_",
        "payonly": true,
        "operation": "insert",
        "x": 900,
        "y": 200,
        "wires": [
            [
                "db6e5bdc6329ea2f"
            ]
        ]
    },
    {
        "id": "1bf9a163ddd69e62",
        "type": "cloudantplus in",
        "z": "178db76ced3012b4",
        "name": "",
        "cloudant": "20c4453865ed804b",
        "database": "plantas",
        "service": "_ext_",
        "search": "_all_",
        "design": "",
        "index": "",
        "x": 900,
        "y": 280,
        "wires": [
            [
                "58b9aa7d8d81ba12"
            ]
        ]
    },
    {
        "id": "61b8ebd33659ca10",
        "type": "http in",
        "z": "178db76ced3012b4",
        "name": "",
        "url": "plantPOST",
        "method": "post",
        "upload": false,
        "swaggerDoc": "",
        "x": 530,
        "y": 200,
        "wires": [
            [
                "dcee7fa878c67452"
            ]
        ]
    },
    {
        "id": "db6e5bdc6329ea2f",
        "type": "http response",
        "z": "178db76ced3012b4",
        "name": "",
        "statusCode": "",
        "headers": {},
        "x": 1170,
        "y": 200,
        "wires": []
    },
    {
        "id": "dcee7fa878c67452",
        "type": "split",
        "z": "178db76ced3012b4",
        "name": "",
        "splt": "\\n",
        "spltType": "str",
        "arraySplt": 1,
        "arraySpltType": "len",
        "stream": false,
        "addname": "",
        "x": 730,
        "y": 200,
        "wires": [
            [
                "2f1c568aa21ed871"
            ]
        ]
    },
    {
        "id": "f9acf2f0c220fb28",
        "type": "http in",
        "z": "178db76ced3012b4",
        "name": "",
        "url": "sensorPOST",
        "method": "post",
        "upload": true,
        "swaggerDoc": "",
        "x": 530,
        "y": 380,
        "wires": [
            [
                "601bf6ad185ec626"
            ]
        ]
    },
    {
        "id": "ee729eda49cedc13",
        "type": "http response",
        "z": "178db76ced3012b4",
        "name": "",
        "statusCode": "",
        "headers": {},
        "x": 1170,
        "y": 380,
        "wires": []
    },
    {
        "id": "601bf6ad185ec626",
        "type": "split",
        "z": "178db76ced3012b4",
        "name": "",
        "splt": "\\n",
        "spltType": "str",
        "arraySplt": 1,
        "arraySpltType": "len",
        "stream": false,
        "addname": "",
        "x": 730,
        "y": 380,
        "wires": [
            [
                "2685c32dad0f039e"
            ]
        ]
    },
    {
        "id": "2685c32dad0f039e",
        "type": "cloudantplus out",
        "z": "178db76ced3012b4",
        "name": "",
        "cloudant": "20c4453865ed804b",
        "database": "sensoresirrigamais1",
        "service": "_ext_",
        "payonly": true,
        "operation": "insert",
        "x": 960,
        "y": 380,
        "wires": [
            [
                "ee729eda49cedc13"
            ]
        ]
    },
    {
        "id": "1c024efceaf3c0b1",
        "type": "http in",
        "z": "178db76ced3012b4",
        "name": "",
        "url": "sensorGET",
        "method": "get",
        "upload": false,
        "swaggerDoc": "",
        "x": 660,
        "y": 440,
        "wires": [
            [
                "4edf1263f36db937"
            ]
        ]
    },
    {
        "id": "f48fea588554e3e9",
        "type": "http response",
        "z": "178db76ced3012b4",
        "name": "",
        "statusCode": "",
        "headers": {},
        "x": 1190,
        "y": 440,
        "wires": []
    },
    {
        "id": "4edf1263f36db937",
        "type": "cloudantplus in",
        "z": "178db76ced3012b4",
        "name": "",
        "cloudant": "20c4453865ed804b",
        "database": "sensoresirrigamais1",
        "service": "_ext_",
        "search": "_all_",
        "design": "",
        "index": "",
        "x": 960,
        "y": 440,
        "wires": [
            [
                "f48fea588554e3e9"
            ]
        ]
    },
    {
        "id": "df50805c9f004c99",
        "type": "http in",
        "z": "178db76ced3012b4",
        "name": "",
        "url": "grupoPOST",
        "method": "post",
        "upload": true,
        "swaggerDoc": "",
        "x": 530,
        "y": 580,
        "wires": [
            [
                "3fbf9343779b86b4"
            ]
        ]
    },
    {
        "id": "ad4c260a5ddcb858",
        "type": "http response",
        "z": "178db76ced3012b4",
        "name": "",
        "statusCode": "",
        "headers": {},
        "x": 1170,
        "y": 580,
        "wires": []
    },
    {
        "id": "3fbf9343779b86b4",
        "type": "split",
        "z": "178db76ced3012b4",
        "name": "",
        "splt": "\\n",
        "spltType": "str",
        "arraySplt": 1,
        "arraySpltType": "len",
        "stream": false,
        "addname": "",
        "x": 730,
        "y": 580,
        "wires": [
            [
                "6c08e998ca2d44c2"
            ]
        ]
    },
    {
        "id": "6c08e998ca2d44c2",
        "type": "cloudantplus out",
        "z": "178db76ced3012b4",
        "name": "",
        "cloudant": "20c4453865ed804b",
        "database": "gruposirrigamais2",
        "service": "_ext_",
        "payonly": true,
        "operation": "insert",
        "x": 950,
        "y": 580,
        "wires": [
            [
                "ad4c260a5ddcb858"
            ]
        ]
    },
    {
        "id": "89e8646efe773d9a",
        "type": "http in",
        "z": "178db76ced3012b4",
        "name": "",
        "url": "grupoGET",
        "method": "get",
        "upload": false,
        "swaggerDoc": "",
        "x": 640,
        "y": 660,
        "wires": [
            [
                "21adb9efc020b681"
            ]
        ]
    },
    {
        "id": "9d627316d102f70c",
        "type": "http response",
        "z": "178db76ced3012b4",
        "name": "",
        "statusCode": "",
        "headers": {},
        "x": 1170,
        "y": 660,
        "wires": []
    },
    {
        "id": "21adb9efc020b681",
        "type": "cloudantplus in",
        "z": "178db76ced3012b4",
        "name": "",
        "cloudant": "20c4453865ed804b",
        "database": "gruposirrigamais2",
        "service": "_ext_",
        "search": "_all_",
        "design": "",
        "index": "",
        "x": 930,
        "y": 660,
        "wires": [
            [
                "9d627316d102f70c"
            ]
        ]
    },
    {
        "id": "066a7f127fe2f405",
        "type": "http in",
        "z": "178db76ced3012b4",
        "name": "",
        "url": "sensorDELETE",
        "method": "delete",
        "upload": true,
        "swaggerDoc": "",
        "x": 460,
        "y": 500,
        "wires": [
            [
                "8c95a99bb8cad205"
            ]
        ]
    },
    {
        "id": "ae6fb962ca68d65d",
        "type": "http response",
        "z": "178db76ced3012b4",
        "name": "",
        "statusCode": "",
        "headers": {},
        "x": 1170,
        "y": 500,
        "wires": []
    },
    {
        "id": "34474dd41df11e3e",
        "type": "cloudantplus out",
        "z": "178db76ced3012b4",
        "name": "",
        "cloudant": "20c4453865ed804b",
        "database": "sensoresirrigamais1",
        "service": "_ext_",
        "payonly": true,
        "operation": "delete",
        "x": 960,
        "y": 500,
        "wires": [
            [
                "ae6fb962ca68d65d"
            ]
        ]
    },
    {
        "id": "8c95a99bb8cad205",
        "type": "split",
        "z": "178db76ced3012b4",
        "name": "",
        "splt": "\\n",
        "spltType": "str",
        "arraySplt": 1,
        "arraySpltType": "len",
        "stream": false,
        "addname": "",
        "x": 730,
        "y": 500,
        "wires": [
            [
                "34474dd41df11e3e"
            ]
        ]
    },
    {
        "id": "5914f3e72d7fe3c2",
        "type": "http in",
        "z": "178db76ced3012b4",
        "name": "",
        "url": "grupoDELETE",
        "method": "delete",
        "upload": true,
        "swaggerDoc": "",
        "x": 540,
        "y": 720,
        "wires": [
            [
                "d8f82a16adbcc704"
            ]
        ]
    },
    {
        "id": "dfc819f58a3f01ef",
        "type": "http response",
        "z": "178db76ced3012b4",
        "name": "",
        "statusCode": "",
        "headers": {},
        "x": 1170,
        "y": 720,
        "wires": []
    },
    {
        "id": "d8f82a16adbcc704",
        "type": "split",
        "z": "178db76ced3012b4",
        "name": "",
        "splt": "\\n",
        "spltType": "str",
        "arraySplt": 1,
        "arraySpltType": "len",
        "stream": false,
        "addname": "",
        "x": 730,
        "y": 720,
        "wires": [
            [
                "c2e913bad7105386"
            ]
        ]
    },
    {
        "id": "c2e913bad7105386",
        "type": "cloudantplus out",
        "z": "178db76ced3012b4",
        "name": "",
        "cloudant": "20c4453865ed804b",
        "database": "gruposirrigamais2",
        "service": "_ext_",
        "payonly": true,
        "operation": "delete",
        "x": 950,
        "y": 720,
        "wires": [
            [
                "dfc819f58a3f01ef"
            ]
        ]
    },
    {
        "id": "20c4453865ed804b",
        "type": "cloudantplus",
        "host": "https://f1c0dcf9-5075-4061-a1f8-2f4ca596058a-bluemix.cloudantnosqldb.appdomain.cloud",
        "name": "Credencial_PUCNOITE",
        "useapikey": true
    }
]